{"train_total_loss": 1.0481654761506498, "train_gender_loss": 0.058248193793856415, "train_emotion_loss": 0.7434446387153735, "train_age_loss": 0.24647264277709902, "val_total_loss": 1.6470348826713033, "val_gender_loss": 0.22141405013907287, "val_emotoin_loss": 0.90851215687063, "val_age_loss": 0.5171086777829461, "train_gender_acc": 97.76790734285393, "val_gender_acc": 94.2156862745098, "train_emo_acc": 73.59721128977847, "val_emo_acc": 69.12854030501089, "train_age_acc": 89.66181266164399, "val_age_acc": 81.40522875816994, "_timestamp": 1683396044.878366, "_runtime": 8591.837603092194, "_step": 101, "best validation gender acc": 94.03050108932462, "best validatoin emotion acc": 69.23747276688454, "best validation age acc": 81.3834422657952, "best test gender acc": 93.03618134263296, "best test emotion acc": 70.2920662598082, "best test age acc": 81.102877070619, "_wandb": {"runtime": 8591}}