{"train_total_loss": 0.9142902472036348, "train_gender_loss": 0.037699512568245504, "train_emotion_loss": 0.7004867003654405, "train_age_loss": 0.1761040347192785, "val_total_loss": 1.9182039871811867, "val_gender_loss": 0.34093848655983394, "val_emotoin_loss": 0.9251981356905566, "val_age_loss": 0.6520673660561442, "train_gender_acc": 98.56628809175756, "val_gender_acc": 93.4640522875817, "train_emo_acc": 74.95220960305858, "val_emo_acc": 68.76906318082789, "train_age_acc": 92.85533565725852, "val_age_acc": 81.10021786492375, "_timestamp": 1683387170.2134006, "_runtime": 7990.259346485138, "_step": 101, "best validation gender acc": 93.08278867102396, "best validatoin emotion acc": 68.39869281045752, "best validation age acc": 81.3834422657952, "best test gender acc": 186.5409764603313, "best test emotion acc": 138.04489973844812, "best test age acc": 163.01220575414123, "_wandb": {"runtime": 7989}}