{"train_total_loss": 3.9025743933890364, "train_gender_loss": 0.11522866945660157, "train_emotion_loss": 0.6832226200712671, "train_age_loss": 0.37123261676203434, "val_total_loss": 5.227948150700993, "val_gender_loss": 0.1793875308940187, "val_emotoin_loss": 0.9071871559653018, "val_age_loss": 0.512624861051639, "train_gender_acc": 95.39666029461374, "val_gender_acc": 93.54030501089325, "train_emo_acc": 75.6929607556505, "val_emo_acc": 69.98910675381264, "train_age_acc": 83.87074103227258, "val_age_acc": 79.880174291939, "_timestamp": 1683535280.9668393, "_runtime": 7643.375524282455, "_step": 101, "best validation gender acc": 93.42047930283225, "best validatoin emotion acc": 69.62962962962963, "best validation age acc": 79.81481481481481, "best test gender acc": 93.24324324324324, "best test emotion acc": 71.2510897994769, "best test age acc": 78.60723626852659, "_wandb": {"runtime": 7642}}