{"train_total_loss": 2.618599424473673, "train_gender_loss": 0.08930190477734633, "train_emotion_loss": 0.6891107681415064, "train_age_loss": 0.2309826070161389, "val_total_loss": 4.062958108054267, "val_gender_loss": 0.2192989195464179, "val_emotoin_loss": 0.9289371938341193, "val_age_loss": 0.5284238085150719, "train_gender_acc": 96.46772742606544, "val_gender_acc": 92.70152505446623, "train_emo_acc": 75.43292477229282, "val_emo_acc": 69.71677559912854, "train_age_acc": 90.30276622062297, "val_age_acc": 80.45751633986929, "_timestamp": 1683396060.8468153, "_runtime": 8581.734795331955, "_step": 101, "best validation gender acc": 93.24618736383442, "best validatoin emotion acc": 69.43355119825708, "best validation age acc": 80.87145969498911, "best test gender acc": 92.51307759372276, "best test emotion acc": 70.52092414995641, "best test age acc": 80.54707933740191, "_wandb": {"runtime": 8581}}