{"train_total_loss": 2.7312261436482985, "train_gender_loss": 0.10097337423039855, "train_emotion_loss": 0.711521515207325, "train_age_loss": 0.24784410945910343, "val_total_loss": 3.9916490664084754, "val_gender_loss": 0.19874111203373307, "val_emotoin_loss": 0.9385118935671117, "val_age_loss": 0.48868613317608833, "train_gender_acc": 95.92376026087935, "val_gender_acc": 93.42047930283225, "train_emo_acc": 74.98734960080962, "val_emo_acc": 68.75816993464052, "train_age_acc": 89.695547059485, "val_age_acc": 80.72984749455337, "_timestamp": 1683387352.3823578, "_runtime": 2221.853631734848, "_step": 26, "_wandb": {"runtime": 2225}}