{"train_total_loss": 2.739938715379015, "train_gender_loss": 0.21275192185593167, "train_emotion_loss": 0.9842397096774561, "train_age_loss": 0.4806983735720823, "val_total_loss": 1.8175170661674604, "val_gender_loss": 0.21742488355893227, "val_emotoin_loss": 0.9921406615111563, "val_age_loss": 0.5576115793483273, "train_gender_acc": 90.87203418418981, "val_gender_acc": 91.43790849673202, "train_emo_acc": 66.01962217474419, "val_emo_acc": 65.47930283224402, "train_age_acc": 76.18492072416507, "val_age_acc": 67.3832984970638, "_timestamp": 1683373217.9595778, "_runtime": 238.3325548171997, "_step": 3}