{"train_total_loss": 1.980585358768916, "train_gender_loss": 0.04897719536315007, "train_emotion_loss": 0.7249886140012912, "train_age_loss": 0.1829306848916658, "val_total_loss": 1.729007980061902, "val_gender_loss": 0.2534270231198106, "val_emotoin_loss": 0.9209866503046619, "val_age_loss": 0.5086724803705883, "train_gender_acc": 98.04340492522209, "val_gender_acc": 93.72549019607843, "train_emo_acc": 74.41948723715282, "val_emo_acc": 69.50980392156862, "train_age_acc": 91.59029573822107, "val_age_acc": 73.72349955210511, "_timestamp": 1683378697.3532126, "_runtime": 5717.726189613342, "_step": 64, "_wandb": {"runtime": 5773}}