{"train_total_loss": 1.098500888250517, "train_gender_loss": 0.07506197942106911, "train_emotion_loss": 0.752986142097899, "train_age_loss": 0.27045276378061667, "val_total_loss": 1.5837318359149828, "val_gender_loss": 0.20191042932371298, "val_emotoin_loss": 0.8468366822020875, "val_age_loss": 0.5349847269761894, "train_gender_acc": 97.1114921848645, "val_gender_acc": 94.32461873638344, "train_emo_acc": 73.4355673001237, "val_emo_acc": 70.52287581699346, "train_age_acc": 88.7228719217362, "val_age_acc": 80.46840958605664, "_timestamp": 1683902202.1523578, "_runtime": 38835.54609489441, "_step": 101, "best validation gender acc": 94.22657952069716, "best validatoin emotion acc": 70.3921568627451, "best validation age acc": 81.45969498910675, "best test gender acc": 92.80732345248475, "best test emotion acc": 71.45815170008719, "best test age acc": 81.37532693984308, "_wandb": {"runtime": 38834}}