{"train_total_loss": 2.147466544522328, "train_gender_loss": 0.11234580691684079, "train_emotion_loss": 0.7480548296249314, "train_age_loss": 0.2695055394904332, "val_total_loss": 2.9166931211948395, "val_gender_loss": 0.18278010946879578, "val_emotoin_loss": 0.8505088380641408, "val_age_loss": 0.5164476634106703, "train_gender_acc": 95.36292589677274, "val_gender_acc": 93.81263616557735, "train_emo_acc": 73.66327448555043, "val_emo_acc": 70.34858387799564, "train_age_acc": 88.73552232092658, "val_age_acc": 81.11111111111111, "_timestamp": 1683902238.5233614, "_runtime": 38919.98839044571, "_step": 101, "best validation gender acc": 93.62745098039215, "best validatoin emotion acc": 70.2723311546841, "best validation age acc": 81.43790849673202, "best test gender acc": 92.95989537925021, "best test emotion acc": 71.36006974716652, "best test age acc": 81.12467306015692, "_wandb": {"runtime": 38919}}