{"train_total_loss": 1.6618293796083052, "train_gender_loss": 0.058391775064867174, "train_emotion_loss": 0.6706191772501245, "train_age_loss": 0.13109962384906604, "val_total_loss": 3.337910200158755, "val_gender_loss": 0.21464103715132093, "val_emotoin_loss": 0.9499232321977615, "val_age_loss": 0.6117113487174114, "train_gender_acc": 97.61048015292927, "val_gender_acc": 93.42047930283225, "train_emo_acc": 76.08512313055212, "val_emo_acc": 69.23747276688454, "train_age_acc": 94.72478353761386, "val_age_acc": 80.75163398692811, "_timestamp": 1683387168.2806857, "_runtime": 8007.238183736801, "_step": 101, "best validation gender acc": 93.67102396514161, "best validatoin emotion acc": 69.2156862745098, "best validation age acc": 80.62091503267975, "best test gender acc": 185.94158674803836, "best test emotion acc": 139.5052310374891, "best test age acc": 161.94420226678292, "_wandb": {"runtime": 8006}}