{"train_total_loss": 2.0687899535937273, "train_gender_loss": 0.06370278650043841, "train_emotion_loss": 0.7508009574610552, "train_age_loss": 0.2251323791351288, "val_total_loss": 1.63849236153894, "val_gender_loss": 0.22401237461922896, "val_emotoin_loss": 0.9114754415220685, "val_age_loss": 0.4613544872611951, "train_gender_acc": 97.6146969526594, "val_gender_acc": 93.71459694989107, "train_emo_acc": 73.62251208815923, "val_emo_acc": 69.03050108932462, "train_age_acc": 89.32727988305409, "val_age_acc": 74.43017816263561, "_timestamp": 1683377457.5321114, "_runtime": 8335.891909360886, "_step": 101, "best validation gender acc": 93.84531590413944, "best validatoin emotion acc": 68.80174291938998, "best validation age acc": 74.85816661690056, "best test gender acc": 185.89799476896252, "best test emotion acc": 139.4180470793374, "best test age acc": 148.75012448959265, "_wandb": {"runtime": 8335}}