{"train_total_loss": 2.0435126773316226, "train_gender_loss": 0.058669802533435844, "train_emotion_loss": 0.743343507428821, "train_age_loss": 0.21381153906606565, "val_total_loss": 1.6722003436750836, "val_gender_loss": 0.241788956310807, "val_emotoin_loss": 0.9073507756822639, "val_age_loss": 0.47974985875901144, "train_gender_acc": 97.69762734735184, "val_gender_acc": 93.44226579520696, "train_emo_acc": 73.6998200832115, "val_emo_acc": 68.76906318082789, "train_age_acc": 89.98510064095356, "val_age_acc": 74.40031850303573, "_timestamp": 1683373256.1070745, "_runtime": 4134.46687245369, "_step": 54}