{"train_total_loss": 9.22213963381678, "train_gender_loss": 0.19810288830948392, "train_emotion_loss": 0.7415374996636411, "train_age_loss": 0.34154263961551, "val_total_loss": 11.468738906913334, "val_gender_loss": 0.20743531009389293, "val_emotoin_loss": 0.8920244901544518, "val_age_loss": 0.4889552742242813, "train_gender_acc": 91.36399415270438, "val_gender_acc": 91.25272331154684, "train_emo_acc": 73.73214888114246, "val_emo_acc": 69.7930283224401, "train_age_acc": 85.25385134375352, "val_age_acc": 80.88235294117648, "_timestamp": 1683607195.7881365, "_runtime": 7653.414779424667, "_step": 101, "best validation gender acc": 91.61220043572985, "best validatoin emotion acc": 69.93464052287581, "best validation age acc": 81.04575163398692, "best test gender acc": 91.8918918918919, "best test emotion acc": 71.06582388840454, "best test age acc": 80.3182214472537, "_wandb": {"runtime": 7652}}