{"train_ loss": 1.4963358142234722, "val_loss": 1.4899317669951542, "train_acc": 38.30766507346433, "val_acc": 38.77995642701525, "_timestamp": 1683700067.7901118, "_runtime": 557.476667881012, "_step": 4, "_wandb": {"runtime": 606}}