{"train_total_loss": 2.1936933398246765, "train_gender_loss": 0.11511168781694749, "train_emotion_loss": 0.7786240131734944, "train_age_loss": 0.26066681329938146, "val_total_loss": 3.2498005198107824, "val_gender_loss": 0.2131400245966183, "val_emotoin_loss": 0.961756009194586, "val_age_loss": 0.5565742413616843, "train_gender_acc": 95.41774429326436, "val_gender_acc": 93.11546840958606, "train_emo_acc": 72.24502417631845, "val_emo_acc": 67.38562091503269, "train_age_acc": 89.26965028674239, "val_age_acc": 79.98910675381264, "_timestamp": 1683600662.4825287, "_runtime": 7691.145697593689, "_step": 101, "best validation gender acc": 93.24618736383442, "best validatoin emotion acc": 67.84313725490196, "best validation age acc": 79.71677559912854, "best test gender acc": 92.61115954664342, "best test emotion acc": 68.22144725370532, "best test age acc": 79.16303400174368, "_wandb": {"runtime": 7690}}