{"train_ loss": 1.4993515783070688, "val_loss": 1.5004593914809543, "train_acc": 37.93864128436619, "val_acc": 37.99564270152506, "_timestamp": 1683700597.7218902, "_runtime": 1236.2303171157837, "_step": 9, "_wandb": {"runtime": 1281}}