{"train_total_loss": 5.373521955750829, "train_gender_loss": 0.33020867570805895, "train_emotion_loss": 1.1540513739740248, "train_age_loss": 0.6509188777132399, "val_total_loss": 2.0625900452335677, "val_gender_loss": 0.2652700881784161, "val_emotoin_loss": 1.119072859485944, "val_age_loss": 0.6220865067403027, "train_gender_acc": 84.74361857640841, "val_gender_acc": 89.92374727668845, "train_emo_acc": 59.670527381086245, "val_emo_acc": 60.46840958605665, "train_age_acc": 67.61076127291128, "val_age_acc": 64.72578879267444, "_timestamp": 1683375266.1100328, "_runtime": 120.02396988868713, "_step": 1, "_wandb": {"runtime": 164}}