{"train_total_loss": 3.446422955972685, "train_gender_loss": 0.24733332059473442, "train_emotion_loss": 1.0201148797067807, "train_age_loss": 0.5129984772414159, "val_total_loss": 3.463674583368831, "val_gender_loss": 0.22400719413740766, "val_emotoin_loss": 1.036222328328424, "val_age_loss": 0.5352868568745388, "train_gender_acc": 88.97587990554369, "val_gender_acc": 60.19936434556487, "train_emo_acc": 62.6605117311437, "val_emo_acc": 64.40087145969498, "train_age_acc": 66.06445190991663, "val_age_acc": 68.66726385985866, "_timestamp": 1683378991.0697773, "_runtime": 161.06520819664001, "_step": 2, "_wandb": {"runtime": 165}}