{"train_total_loss": 1.886536609569042, "train_gender_loss": 0.08172756120756858, "train_emotion_loss": 0.7104987973789517, "train_age_loss": 0.169903797186484, "val_total_loss": 3.2785403115881815, "val_gender_loss": 0.2173880138175769, "val_emotoin_loss": 0.9601391301386886, "val_age_loss": 0.5232033803584469, "train_gender_acc": 96.76149780726413, "val_gender_acc": 93.1917211328976, "train_emo_acc": 74.81164961205442, "val_emo_acc": 67.49455337690632, "train_age_acc": 92.25936129540088, "val_age_acc": 74.21120732556982, "_timestamp": 1683378738.656178, "_runtime": 3326.4568469524384, "_step": 34, "_wandb": {"runtime": 3340}}