{"train_total_loss": 2.169614843112959, "train_gender_loss": 0.10619613330931865, "train_emotion_loss": 0.7558010508366626, "train_age_loss": 0.2759083030517582, "val_total_loss": 3.012895656956567, "val_gender_loss": 0.19766376470215619, "val_emotoin_loss": 0.8821172842548953, "val_age_loss": 0.5254986624543866, "train_gender_acc": 95.78179466996514, "val_gender_acc": 93.64923747276688, "train_emo_acc": 73.60705048914878, "val_emo_acc": 69.33551198257081, "train_age_acc": 88.53171033397054, "val_age_acc": 81.12200435729847, "_timestamp": 1683596449.290622, "_runtime": 3890.647276878357, "_step": 51, "best validation gender acc": 93.64923747276688, "best validatoin emotion acc": 69.06318082788671, "best validation age acc": 80.95860566448802, "best test gender acc": 92.91630340017437, "best test emotion acc": 70.79337401918046, "best test age acc": 81.29904097646033, "_wandb": {"runtime": 3889}}