{"train_total_loss": 2.094232863659481, "train_gender_loss": 0.07005914326810794, "train_emotion_loss": 0.7639190004669505, "train_age_loss": 0.23041659766796288, "val_total_loss": 1.7581238796313603, "val_gender_loss": 0.22729387980264923, "val_emotoin_loss": 0.9996798239234421, "val_age_loss": 0.4871695842712548, "train_gender_acc": 97.23799617676825, "val_gender_acc": 92.61437908496733, "train_emo_acc": 73.0574609243225, "val_emo_acc": 67.58169934640523, "train_age_acc": 89.32587428314405, "val_age_acc": 73.86284463023787, "_timestamp": 1683372954.080745, "_runtime": 2024.281502008438, "_step": 26, "_wandb": {"runtime": 2027}}