{"train_total_loss": 1.847566883555419, "train_gender_loss": 0.23119124163129776, "train_emotion_loss": 1.0323080878249176, "train_age_loss": 0.5171043938322432, "val_total_loss": 1.937697283923626, "val_gender_loss": 0.20587081335381502, "val_emotoin_loss": 1.1171659094591935, "val_age_loss": 0.5637650964366403, "train_gender_acc": 89.8614078488699, "val_gender_acc": 60.99393238948281, "train_emo_acc": 62.23157264049457, "val_emo_acc": 60.49019607843137, "train_age_acc": 65.74841358715939, "val_age_acc": 68.07007066786105, "_timestamp": 1683378969.4032168, "_runtime": 160.82982087135315, "_step": 2, "_wandb": {"runtime": 188}}