{"train_total_loss": 0.36731384603454054, "train_gender_loss": 0.0739700191121602, "train_emotion_loss": 0.7003609790004415, "train_age_loss": 0.16019405343919801, "val_total_loss": 0.6767945502781205, "val_gender_loss": 0.2654730378417298, "val_emotoin_loss": 0.9524100232455466, "val_age_loss": 0.5565919228799784, "train_gender_acc": 97.09181378612392, "val_gender_acc": 92.05882352941175, "train_emo_acc": 74.89458000674688, "val_emo_acc": 68.85620915032679, "train_age_acc": 92.64590127066232, "val_age_acc": 73.91261072957101, "_timestamp": 1683378683.100921, "_runtime": 3235.795506954193, "_step": 33, "_wandb": {"runtime": 3306}}