{"train_total_loss": 3.5677071882666445, "train_gender_loss": 0.6921781697076002, "train_emotion_loss": 1.5002350907960385, "train_age_loss": 1.375293926369372, "val_total_loss": 3.561777212553554, "val_gender_loss": 0.6869107886321015, "val_emotoin_loss": 1.4992579536305533, "val_age_loss": 1.3756084707048204, "train_gender_acc": 52.237715056786236, "val_gender_acc": 59.49891067538127, "train_emo_acc": 37.97930956932419, "val_emo_acc": 37.99564270152506, "train_age_acc": 28.97222534577758, "val_age_acc": 29.302832244008712, "_timestamp": 1683704177.9008076, "_runtime": 6467.029321670532, "_step": 16, "_wandb": {"runtime": 6612}}