{"train_total_loss": 2.002142647401892, "train_gender_loss": 0.09119521352134162, "train_emotion_loss": 0.7251478651230284, "train_age_loss": 0.23032585049061466, "val_total_loss": 3.046428503261672, "val_gender_loss": 0.18800492289786538, "val_emotoin_loss": 0.9138342576722304, "val_age_loss": 0.5153775293793943, "train_gender_acc": 96.41150342966378, "val_gender_acc": 94.22657952069716, "train_emo_acc": 74.3140672438997, "val_emo_acc": 68.92156862745098, "train_age_acc": 90.48408860901833, "val_age_acc": 81.37254901960785, "_timestamp": 1683396052.9519615, "_runtime": 8587.843844413757, "_step": 101, "best validation gender acc": 93.63834422657952, "best validatoin emotion acc": 68.83442265795206, "best validation age acc": 80.64270152505446, "best test gender acc": 92.57846556233653, "best test emotion acc": 70.45553618134264, "best test age acc": 81.52789886660854, "_wandb": {"runtime": 8587}}