{"train_total_loss": 1.8851690187299852, "train_gender_loss": 0.07415347546674043, "train_emotion_loss": 0.7236073257254182, "train_age_loss": 0.18190044652429416, "val_total_loss": 3.119624617199103, "val_gender_loss": 0.21691113086934719, "val_emotoin_loss": 0.8692539917925993, "val_age_loss": 0.5821027588099241, "train_gender_acc": 97.04824018891263, "val_gender_acc": 93.79084967320262, "train_emo_acc": 74.4897672326549, "val_emo_acc": 69.9128540305011, "train_age_acc": 92.51518047902844, "val_age_acc": 81.89542483660131, "_timestamp": 1683546953.1286664, "_runtime": 15589.500841379166, "_step": 101, "best validation gender acc": 93.84531590413944, "best validatoin emotion acc": 69.67320261437908, "best validation age acc": 81.50326797385621, "best test gender acc": 93.36312118570184, "best test emotion acc": 70.59721011333914, "best test age acc": 81.33173496076722, "_wandb": {"runtime": 15588}}