{"train_total_loss": 1.451989537305969, "train_gender_loss": 0.27527022050867833, "train_emotion_loss": 1.068362334863745, "train_age_loss": 0.5042871720851607, "val_total_loss": 2.055572626491388, "val_gender_loss": 0.2844963667707311, "val_emotoin_loss": 1.0966029614210129, "val_age_loss": 0.6186251907971254, "train_gender_acc": 87.30462161250422, "val_gender_acc": 87.09150326797386, "train_emo_acc": 63.201394355110764, "val_emo_acc": 61.60130718954249, "train_age_acc": 75.07309119532216, "val_age_acc": 67.39325171693042, "_timestamp": 1683375303.8284657, "_runtime": 212.22010779380798, "_step": 2, "_wandb": {"runtime": 218}}